327,46,1,754.41,2023-03-06 12:47:42
767,96,2,1348.25,2023-06-13 08:26:19
9,68,3,392.47,2024-01-02 20:41:06
325,94,4,166.16,2023-03-05 17:15:19
336,74,5,265.23,2023-06-15 00:07:51
287,62,6,229.8,2023-12-12 03:29:22
373,95,7,485.03,2023-11-27 00:05:42
836,11,8,461.53,2023-07-14 03:01:28
821,8,9,71.62,2023-02-24 16:57:14
537,63,10,1481.45,2023-10-25 13:49:04
258,32,11,352.94,2023-11-18 03:05:35
765,44,12,967.79,2023-10-07 15:20:44
965,83,13,188.22,2023-07-03 06:48:22
315,60,14,301.14,2024-02-06 23:13:38
349,69,15,256.23,2023-12-26 00:41:48
30,19,16,128.81,2023-07-14 19:17:21
227,73,17,71.04,2023-03-02 17:22:32
116,24,18,1939.18,2023-05-08 18:37:52
962,94,19,311.75,2023-07-03 06:29:30
832,13,20,2448.63,2023-11-05 04:16:52
698,35,21,358.76,2023-11-05 00:58:13
210,34,22,38.05,2023-11-02 07:37:22
585,68,23,1638.48,2023-07-27 04:16:17
876,10,24,398.14,2023-04-09 21:48:25
223,83,25,419.94,2023-07-24 03:20:13
524,56,26,15.82,2023-12-05 03:01:35
377,63,27,1804.67,2024-01-24 15:59:13
291,29,28,446.18,2023-10-09 09:28:32
613,64,29,2177.18,2023-10-15 18:11:29
915,31,30,215.59,2023-12-20 20:21:41
692,47,31,274.52,2023-10-06 20:16:44
968,25,32,400.09,2023-05-06 02:36:49
744,10,33,407.95,2023-10-08 01:41:14
1000,33,34,206.62,2024-01-20 21:14:34
9,96,35,1376.77,2023-11-29 17:19:42
390,66,36,438.66,2023-09-21 02:28:11
79,52,37,1578.03,2023-04-15 21:18:53
523,75,38,294.38,2023-03-04 22:43:04
42,46,39,2142.74,2023-05-05 21:05:01
470,1,40,98.93,2023-07-19 11:10:25
307,90,41,1759.2,2023-02-22 14:25:20
6,70,42,64.42,2023-02-27 12:01:29
310,66,43,444.16,2023-11-29 13:01:11
765,41,44,2429.9,2023-09-07 04:16:07
557,83,45,288.12,2023-05-23 06:04:27
565,37,46,1361.51,2023-08-24 03:33:53
556,67,47,207.11,2023-04-22 21:46:08
646,75,48,157.34,2023-03-08 11:04:14
310,17,49,255.63,2023-10-29 19:08:50
601,18,50,1419.99,2023-06-14 08:58:51
998,21,51,706.59,2023-09-08 19:59:21
10,55,52,1866.72,2023-03-21 10:58:10
580,5,53,984.07,2023-05-08 15:51:26
412,37,54,2347.66,2023-12-07 09:22:08
917,97,55,336.49,2023-06-09 05:17:18
921,12,56,462.96,2023-03-09 10:43:01
867,1,57,194.79,2023-05-10 01:27:00
476,35,58,398.97,2024-02-02 19:07:12
382,82,59,375.94,2023-03-19 11:26:38
493,99,60,171.59,2023-05-09 14:46:57
468,15,61,1260.94,2023-03-08 10:49:10
149,54,62,78.39,2023-11-08 08:04:27
177,34,63,187.04,2023-11-29 00:22:03
131,76,64,394.15,2024-01-24 12:50:50
973,53,65,132.67,2023-08-26 05:14:12
527,37,66,1874.85,2023-11-06 23:43:39
708,36,67,219.58,2023-11-21 06:56:18
796,63,68,617.11,2023-06-25 21:35:55
850,63,69,2378.43,2024-01-18 07:05:05
412,92,70,215.44,2023-07-04 20:02:14
66,17,71,107.04,2023-03-19 03:07:15
154,30,72,366.43,2023-12-16 05:36:38
106,33,73,82.08,2023-06-20 06:45:51
794,13,74,1057.91,2023-10-10 03:19:58
741,24,75,2102.47,2023-11-24 07:22:24
92,55,76,1568.54,2023-05-27 06:23:43
53,71,77,113.05,2024-02-05 14:34:51
433,45,78,28.28,2023-12-16 21:21:11
668,14,79,368.59,2023-06-28 01:40:05
696,54,80,418.28,2024-01-31 00:29:09
759,16,81,2488.3,2023-06-30 21:42:19
701,36,82,93.63,2023-06-05 22:56:27
825,91,83,429.63,2023-09-03 08:37:02
806,28,84,340.02,2023-04-17 09:13:33
90,50,85,66.28,2023-04-11 04:38:13
459,38,86,1736.7,2023-12-09 04:41:26
510,51,87,378.78,2023-06-25 15:58:11
875,62,88,57.39,2023-05-27 08:56:24
396,79,89,453.17,2023-03-15 22:01:16
207,22,90,262.77,2023-06-24 00:54:05
427,96,91,2231.07,2023-03-26 06:08:55
550,37,92,2185.43,2023-06-10 09:05:30
649,70,93,456.95,2023-08-09 09:47:37
808,98,94,313.66,2023-03-04 10:28:21
882,63,95,346.86,2023-10-10 04:03:39
776,94,96,330.35,2023-06-28 16:23:12
949,91,97,137.43,2023-06-25 05:28:12
554,81,98,1156.6,2023-08-18 10:56:50
779,13,99,648.54,2023-07-02 03:58:59
282,35,100,354.6,2023-04-23 12:57:37
422,19,101,69.45,2024-02-07 04:21:29
200,53,102,282.62,2023-11-02 03:24:24
613,8,103,268.73,2023-03-09 22:11:34
624,66,104,78.68,2023-06-06 23:18:24
424,35,105,143.5,2023-05-15 21:17:04
713,40,106,137.19,2023-05-10 18:48:49
220,64,107,982.44,2023-09-11 17:11:54
482,31,108,172.51,2024-02-07 21:20:58
621,98,109,94.7,2023-08-19 09:45:18
902,75,110,348.61,2023-04-15 13:44:53
548,20,111,33.79,2023-09-12 23:26:11
334,68,112,1756.26,2024-01-06 02:45:59
661,98,113,406.92,2023-12-27 13:52:59
913,28,114,161.11,2023-12-27 23:22:44
506,62,115,168.37,2023-08-21 12:00:38
131,18,116,1776.04,2023-12-28 07:54:44
231,12,117,319.46,2023-12-06 16:36:01
849,90,118,220.07,2023-05-09 06:26:54
177,88,119,62.49,2023-11-24 02:34:52
577,26,120,253.99,2023-08-11 14:08:49
676,40,121,214.02,2023-11-28 05:09:18
5,100,122,148.12,2023-05-12 11:39:20
313,79,123,114.03,2023-05-03 09:36:21
761,29,124,143.69,2023-10-13 18:18:11
641,44,125,745.78,2023-04-16 20:42:36
737,67,126,192.74,2023-12-17 11:09:51
125,43,127,932.86,2024-01-21 07:43:41
117,33,128,449.81,2024-01-06 19:47:00
147,88,129,289.13,2024-01-10 21:34:38
356,10,130,50.45,2023-08-16 13:56:15
106,39,131,161.92,2023-08-12 18:15:42
276,68,132,219.44,2023-10-16 00:51:24
32,11,133,73.82,2023-10-18 11:53:32
409,48,134,467.18,2023-06-11 16:14:33
654,89,135,680.95,2023-03-19 02:00:27
696,43,136,756.72,2023-12-23 01:54:51
528,42,137,2401.48,2024-02-12 08:27:47
115,46,138,2316.0,2023-06-13 03:22:34
810,83,139,363.46,2024-01-13 20:22:07
129,78,140,463.98,2023-05-22 00:25:03
278,52,141,318.58,2023-12-30 05:38:31
591,80,142,364.06,2023-07-17 22:17:55
487,73,143,212.27,2023-04-15 16:53:39
957,51,144,822.63,2023-03-29 05:58:48
225,81,145,826.41,2023-09-27 04:18:13
137,7,146,302.05,2023-11-23 09:37:45
113,23,147,677.4,2023-08-14 07:28:27
919,56,148,140.87,2023-05-19 18:45:17
21,33,149,271.72,2023-04-08 05:46:13
968,68,150,728.19,2023-06-25 20:11:59
130,52,151,1801.29,2023-10-27 01:51:57
763,48,152,39.19,2024-02-09 10:21:16
558,47,153,274.65,2023-08-10 23:45:53
865,93,154,1317.65,2023-02-28 00:54:21
595,4,155,311.43,2023-03-15 04:28:34
457,88,156,70.44,2023-08-24 20:51:10
77,75,157,75.25,2023-08-11 20:10:24
901,28,158,244.62,2023-08-24 12:22:31
821,99,159,171.06,2023-11-01 20:57:09
910,38,160,483.44,2023-07-06 09:44:17
870,49,161,417.4,2023-12-16 22:43:16
416,16,162,2444.09,2023-09-20 17:44:05
149,35,163,151.17,2023-12-19 07:20:45
704,82,164,303.82,2023-06-24 04:36:08
9,69,165,476.41,2023-10-09 04:07:02
942,83,166,70.63,2023-12-23 11:32:15
765,72,167,2361.5,2023-12-31 16:13:37
104,59,168,172.88,2023-04-05 15:17:07
443,77,169,341.23,2023-03-03 13:21:40
283,48,170,207.17,2023-06-18 23:22:34
621,60,171,31.37,2023-09-11 15:21:33
483,100,172,189.79,2023-09-13 00:55:46
722,90,173,101.42,2023-09-26 21:09:16
44,15,174,1509.74,2023-04-15 09:27:38
544,66,175,382.79,2023-07-11 02:18:03
565,35,176,392.55,2023-06-10 14:31:38
582,84,177,181.43,2023-04-17 11:08:49
486,90,178,688.42,2023-12-06 22:03:13
828,80,179,123.71,2023-08-28 02:47:14
576,46,180,2192.79,2023-10-31 14:45:17
120,100,181,197.39,2023-08-20 06:06:19
721,41,182,1113.75,2023-08-24 20:19:35
745,45,183,130.48,2023-06-08 03:22:10
641,99,184,458.21,2023-05-01 11:14:55
632,56,185,210.39,2023-10-22 06:21:40
368,38,186,1909.38,2023-06-19 20:14:30
350,57,187,400.1,2023-11-03 21:45:36
244,82,188,306.77,2023-04-21 14:48:32
148,8,189,174.04,2023-07-29 12:29:35
117,66,190,90.24,2023-06-28 20:57:53
659,81,191,1269.85,2023-03-18 14:58:12
350,97,192,356.66,2023-08-30 13:11:48
999,75,193,15.72,2023-07-10 05:45:55
919,27,194,194.7,2023-08-25 16:28:41
854,23,195,1053.39,2023-09-17 01:15:48
234,13,196,696.05,2023-09-19 08:03:21
999,43,197,1675.88,2023-06-01 16:23:20
804,87,198,233.35,2023-11-18 01:34:46
483,48,199,248.85,2023-05-26 07:28:33
792,85,200,363.01,2023-02-25 05:09:18
199,56,201,223.1,2023-10-18 12:58:39
556,16,202,1471.43,2023-09-04 13:16:47
950,35,203,420.67,2023-06-11 17:18:21
154,2,204,1002.69,2023-11-15 02:21:48
112,4,205,327.94,2023-11-15 21:47:01
964,24,206,1201.11,2023-07-14 05:30:35
387,86,207,253.51,2023-03-22 15:30:24
835,37,208,2303.1,2023-12-28 09:23:22
158,68,209,2082.46,2023-09-27 17:48:56
970,33,210,14.3,2023-08-19 13:08:44
407,82,211,353.82,2023-06-23 16:49:29
812,30,212,271.18,2023-04-26 07:26:55
401,1,213,274.34,2024-02-09 03:30:19
256,55,214,2277.39,2023-10-10 06:40:00
679,23,215,921.94,2023-10-28 03:49:02
245,10,216,388.63,2023-07-31 08:11:23
958,72,217,2404.78,2023-09-08 11:56:45
180,49,218,294.75,2023-07-10 07:55:44
526,28,219,216.58,2023-11-04 01:26:11
814,6,220,2345.88,2023-11-02 23:43:05
743,25,221,351.65,2023-07-06 16:37:41
708,79,222,328.51,2023-06-01 07:22:01
550,10,223,127.72,2023-04-21 08:49:24
799,60,224,63.95,2023-03-25 06:59:57
660,7,225,196.56,2023-06-11 01:47:34
574,13,226,1639.45,2023-08-14 05:39:04
491,6,227,2447.43,2024-01-23 02:54:43
245,100,228,129.2,2023-09-15 18:28:56
979,40,229,235.88,2023-12-04 04:42:14
741,54,230,87.52,2023-10-25 04:51:04
137,72,231,1798.06,2024-01-13 09:58:12
326,99,232,269.67,2023-08-30 05:12:59
460,65,233,402.51,2024-01-22 16:19:48
568,22,234,350.95,2023-06-12 08:27:28
716,50,235,405.15,2023-03-09 08:12:29
508,36,236,183.2,2023-02-25 14:11:43
156,34,237,285.6,2023-09-22 00:58:04
866,23,238,1973.35,2023-12-31 00:07:39
637,11,239,366.86,2024-01-11 00:54:10
345,19,240,132.94,2024-01-12 13:29:31
259,45,241,195.21,2024-02-14 00:07:18
580,60,242,11.67,2023-11-25 17:30:20
977,17,243,479.61,2023-10-11 08:54:18
232,26,244,39.88,2023-06-23 08:14:11
594,69,245,311.12,2023-09-28 13:03:57
557,55,246,1818.66,2023-05-11 22:37:59
246,74,247,434.06,2023-06-12 07:51:57
472,51,248,1807.67,2023-12-30 19:38:54
85,81,249,2343.39,2023-02-16 03:31:00
157,86,250,33.47,2023-12-07 14:24:17
765,52,251,1018.31,2023-03-27 22:07:18
699,18,252,1518.41,2023-12-11 15:47:51
133,87,253,271.56,2023-06-19 07:36:45
76,31,254,425.71,2023-06-14 07:49:05
143,37,255,585.79,2024-01-26 05:15:01
737,51,256,956.47,2023-05-27 09:38:49
859,23,257,640.24,2023-04-26 22:32:05
727,19,258,177.12,2023-08-30 00:32:12
549,38,259,312.6,2023-04-09 16:01:59
848,39,260,108.37,2023-08-25 10:47:34
475,3,261,796.71,2023-12-22 06:44:06
830,80,262,298.33,2023-11-10 17:27:31
630,48,263,378.6,2023-09-20 19:57:19
262,80,264,33.83,2023-11-27 23:56:25
849,41,265,483.76,2023-10-26 11:48:26
136,81,266,2072.51,2023-02-27 15:35:35
116,56,267,318.55,2023-04-04 17:03:49
252,96,268,598.89,2024-02-14 15:39:22
520,51,269,391.76,2023-11-01 10:37:09
928,91,270,110.03,2023-11-12 03:39:37
970,50,271,332.12,2023-07-05 17:25:51
530,18,272,2053.34,2023-08-03 20:13:12
593,33,273,363.91,2023-05-14 21:31:05
735,16,274,2040.68,2023-12-03 23:51:57
782,73,275,192.13,2023-06-06 22:43:34
494,70,276,308.72,2023-08-23 23:45:40
275,5,277,1632.24,2023-03-25 18:44:32
688,86,278,461.08,2023-12-25 04:40:01
515,30,279,428.37,2023-06-16 03:16:58
991,36,280,385.6,2024-01-21 17:31:35
432,52,281,752.75,2023-11-01 23:51:45
101,86,282,416.36,2023-05-28 04:55:58
133,24,283,1442.83,2023-10-10 23:08:09
465,97,284,27.2,2023-07-05 12:36:06
220,51,285,2074.95,2024-02-03 20:26:47
552,44,286,2279.14,2023-04-27 03:45:07
97,10,287,340.67,2023-05-13 04:51:24
44,55,288,2101.03,2023-07-09 07:40:52
194,23,289,1528.76,2023-07-26 12:27:04
195,66,290,195.48,2023-04-19 20:48:31
370,26,291,120.2,2023-08-26 05:54:42
675,76,292,490.83,2023-12-24 13:27:07
796,9,293,918.49,2023-04-04 14:01:38
54,59,294,206.08,2023-11-24 22:41:59
626,23,295,2239.07,2023-07-16 23:37:40
875,37,296,1225.97,2023-11-15 17:04:22
598,65,297,37.11,2023-04-03 15:08:12
887,73,298,201.17,2023-06-28 11:32:49
410,66,299,421.82,2023-03-29 04:27:26
662,39,300,200.22,2023-10-05 05:19:06
928,46,301,1229.51,2024-01-29 10:37:58
958,7,302,278.33,2023-06-28 12:57:22
932,62,303,13.63,2023-02-24 16:46:03
312,76,304,375.73,2023-08-10 10:30:33
815,20,305,300.08,2024-02-08 16:23:09
570,36,306,37.6,2023-03-20 16:43:39
622,100,307,966.36,2023-08-17 14:47:25
401,67,308,396.48,2023-12-22 01:58:22
590,75,309,61.19,2023-07-09 20:57:38
588,68,310,134.51,2024-01-29 04:21:35
924,43,311,908.07,2024-02-15 18:33:54
378,97,312,277.69,2023-12-16 11:27:44
653,48,313,293.45,2023-03-29 02:41:52
497,82,314,46.46,2023-09-26 08:11:12
553,58,315,170.57,2023-03-25 13:40:57
942,70,316,6.69,2024-01-04 17:32:46
165,42,317,966.04,2023-10-25 10:42:46
150,75,318,78.37,2023-02-16 07:47:06
111,52,319,861.28,2024-02-03 03:34:11
521,54,320,411.63,2023-08-12 07:05:49
350,34,321,306.37,2023-07-22 22:39:22
39,92,322,36.41,2023-10-02 01:03:40
646,32,323,410.84,2023-02-25 01:55:36
272,97,324,484.76,2023-08-09 09:11:35
564,37,325,1477.05,2024-01-13 19:38:48
634,11,326,42.08,2023-11-25 21:09:06
175,35,327,209.83,2023-07-26 02:25:47
130,37,328,1422.0,2023-08-22 14:28:02
657,34,329,121.25,2023-07-25 23:33:15
102,36,330,362.24,2023-09-18 14:57:03
49,95,331,258.51,2024-02-06 09:45:06
807,27,332,411.9,2024-02-03 20:07:52
77,71,333,161.15,2024-02-11 06:00:33
949,38,334,2162.52,2023-07-10 01:30:16
137,5,335,1161.34,2023-05-06 05:05:47
373,96,336,189.49,2024-02-13 12:23:31
324,54,337,376.14,2023-12-12 07:00:46
909,72,338,197.5,2023-06-26 05:33:14
603,90,339,1692.66,2023-06-08 11:42:39
894,68,340,1118.99,2024-01-02 20:46:50
997,26,341,120.26,2023-08-17 12:54:48
602,17,342,487.02,2023-07-31 23:03:53
519,16,343,1831.71,2023-08-05 10:53:57
470,26,344,391.8,2023-06-14 07:01:39
370,59,345,903.82,2023-11-02 10:58:22
988,79,346,363.0,2023-04-29 14:04:44
226,82,347,9.63,2023-12-08 13:15:37
501,5,348,494.53,2023-05-29 23:27:01
921,71,349,24.73,2023-11-07 06:59:29
236,98,350,444.25,2023-02-22 08:41:57
537,23,351,184.25,2023-03-22 15:40:28
541,26,352,108.67,2023-09-29 11:59:45
296,32,353,247.79,2023-09-12 06:47:55
381,42,354,1040.75,2023-03-20 08:10:56
670,10,355,101.64,2023-06-20 08:50:39
186,25,356,343.78,2023-03-02 06:03:34
305,75,357,215.99,2023-09-28 07:29:46
486,47,358,16.47,2023-03-29 16:10:33
22,14,359,331.28,2023-11-17 04:47:27
592,86,360,311.78,2023-08-29 03:44:36
867,56,361,414.52,2023-05-05 03:21:59
597,44,362,913.34,2024-01-09 21:55:10
663,54,363,101.67,2023-07-24 00:22:50
527,64,364,2384.76,2023-05-30 01:19:44
853,78,365,283.99,2023-03-12 22:52:42
564,65,366,428.29,2023-03-07 20:17:14
615,88,367,370.5,2023-07-23 14:19:54
927,99,368,227.79,2023-12-20 02:36:18
483,22,369,416.88,2023-12-19 06:54:06
692,68,370,823.65,2023-05-04 20:25:16
784,51,371,1557.72,2024-01-21 06:37:23
266,33,372,158.57,2023-11-19 18:31:38
620,97,373,27.69,2023-07-16 23:39:09
469,59,374,2240.58,2023-08-21 02:32:59
238,66,375,224.86,2023-04-21 18:33:01
717,61,376,2321.21,2023-12-08 05:42:35
713,81,377,447.6,2023-03-11 06:34:44
884,56,378,31.85,2023-12-09 17:08:09
114,46,379,2191.67,2023-04-12 15:19:06
938,2,380,713.93,2023-10-30 22:29:18
555,95,381,31.74,2023-08-08 18:02:12
388,2,382,878.75,2024-01-21 20:04:39
317,76,383,439.59,2023-08-06 16:58:03
844,7,384,108.24,2023-12-02 06:35:28
84,43,385,387.73,2024-02-07 21:40:23
841,83,386,37.8,2023-04-04 17:40:18
800,89,387,806.29,2023-10-15 18:24:59
420,78,388,173.69,2023-07-05 17:30:09
28,83,389,351.77,2023-02-23 18:09:58
188,97,390,384.28,2023-08-14 22:35:44
517,96,391,1477.7,2023-06-03 11:54:27
375,39,392,150.41,2023-04-29 02:18:58
431,68,393,2435.31,2023-05-17 08:25:03
831,10,394,470.44,2023-03-29 00:37:39
418,30,395,305.89,2023-10-31 17:36:18
633,31,396,316.73,2023-10-05 02:31:20
250,92,397,200.37,2023-07-11 10:35:49
216,80,398,80.23,2023-12-18 00:28:21
307,96,399,1825.07,2023-07-11 05:57:11
369,1,400,357.77,2023-07-20 01:09:29
704,40,401,224.91,2023-07-07 22:43:12
175,87,402,77.46,2023-03-21 12:39:24
380,56,403,279.18,2023-08-09 07:56:28
896,66,404,247.4,2023-08-20 22:52:57
962,78,405,60.2,2023-06-14 21:36:42
662,38,406,2044.96,2023-09-08 22:19:41
679,36,407,217.62,2023-05-21 12:26:26
863,40,408,377.37,2023-10-20 04:42:08
655,63,409,375.92,2023-11-10 20:23:38
226,78,410,375.21,2023-06-30 08:37:44
768,34,411,221.2,2023-03-21 21:30:21
804,30,412,31.83,2023-03-17 04:09:11
612,66,413,259.52,2023-07-04 10:31:34
167,17,414,149.57,2023-11-05 08:02:26
50,9,415,623.79,2023-09-07 03:51:44
689,8,416,214.36,2023-12-05 12:09:01
733,3,417,258.8,2023-08-20 04:06:44
10,5,418,1391.07,2023-03-09 01:05:35
341,3,419,1567.64,2023-05-17 06:23:29
573,28,420,237.13,2023-07-31 10:40:38
273,38,421,1496.11,2023-03-01 01:41:27
535,33,422,444.95,2023-03-12 19:24:06
188,27,423,198.77,2023-09-16 01:19:34
62,31,424,485.25,2023-03-20 10:57:07
718,58,425,22.5,2023-06-25 14:47:51
335,53,426,64.28,2023-11-23 04:46:14
577,24,427,1313.47,2023-06-25 10:40:30
96,98,428,96.5,2023-06-14 22:01:09
231,23,429,830.05,2023-05-16 18:23:32
826,13,430,241.11,2023-05-05 01:57:10
322,93,431,451.12,2023-06-07 14:06:49
853,57,432,79.28,2023-11-03 19:53:03
45,96,433,786.96,2023-10-13 06:36:36
353,8,434,296.82,2023-10-13 00:00:20
454,26,435,397.76,2024-02-05 18:51:06
681,24,436,386.07,2023-03-17 07:36:01
208,7,437,374.35,2023-04-06 16:29:51
119,12,438,476.55,2024-02-03 23:47:40
832,96,439,627.61,2023-12-18 08:07:57
293,92,440,129.8,2023-07-06 11:20:39
433,32,441,362.68,2023-04-13 18:32:40
742,33,442,383.66,2023-07-11 14:56:50
334,45,443,181.83,2024-01-09 04:10:38
783,85,444,434.29,2023-11-06 18:43:40
392,87,445,196.33,2024-02-10 22:03:44
437,32,446,416.85,2023-06-18 09:15:36
502,44,447,2285.99,2023-12-13 17:53:15
620,84,448,61.35,2023-08-03 17:21:07
75,99,449,399.78,2023-08-01 19:31:39
907,36,450,268.47,2023-04-17 08:22:39
943,43,451,1911.4,2023-03-27 21:04:18
380,53,452,230.89,2023-06-07 14:38:10
361,41,453,1050.52,2023-06-02 10:38:48
483,66,454,13.47,2024-01-17 04:39:03
131,39,455,88.17,2023-03-04 05:39:27
581,17,456,436.45,2023-10-02 02:59:19
729,94,457,79.0,2023-07-26 04:12:32
469,83,458,315.52,2023-06-10 03:48:31
139,21,459,291.25,2023-03-28 21:56:10
627,33,460,121.54,2023-03-27 14:01:01
661,41,461,511.7,2023-10-05 06:29:39
877,61,462,843.38,2023-09-21 17:07:51
439,20,463,277.23,2024-02-06 03:30:47
908,58,464,458.61,2023-11-08 18:22:33
866,20,465,343.84,2023-12-16 10:33:49
71,88,466,97.46,2023-08-28 19:17:13
548,5,467,2464.31,2023-05-07 16:19:06
744,25,468,326.49,2023-12-30 14:35:14
754,47,469,256.33,2023-09-14 22:32:10
892,46,470,2159.19,2023-05-21 03:22:48
801,65,471,315.39,2023-09-02 08:30:19
682,48,472,174.33,2024-02-11 09:16:42
124,24,473,2376.55,2023-07-12 03:58:41
34,35,474,443.2,2023-08-04 18:29:57
729,27,475,35.88,2023-11-20 00:15:35
858,39,476,166.9,2023-04-04 01:19:20
413,32,477,183.07,2023-08-26 10:12:05
51,30,478,471.2,2023-12-21 20:15:02
715,73,479,8.38,2023-06-11 16:28:59
100,18,480,634.62,2023-07-14 03:10:40
519,35,481,74.73,2023-08-07 23:02:57
234,10,482,159.16,2023-11-29 00:07:55
523,66,483,451.04,2023-02-27 11:28:28
553,77,484,452.26,2023-09-02 14:39:27
555,56,485,432.04,2023-09-19 22:28:34
450,75,486,258.32,2023-06-06 04:14:26
188,66,487,432.76,2023-06-04 18:45:38
201,56,488,403.21,2024-01-22 05:50:53
284,27,489,118.32,2023-08-30 17:01:37
146,18,490,1954.02,2024-01-05 20:43:21
22,21,491,1265.72,2023-05-03 02:47:16
189,7,492,392.76,2023-10-13 19:44:15
85,79,493,122.47,2023-05-29 15:10:21
713,28,494,48.1,2023-03-23 03:11:08
660,84,495,102.18,2023-11-01 16:48:18
351,22,496,289.69,2024-01-30 12:33:37
859,86,497,354.87,2023-05-05 21:50:42
952,3,498,622.17,2023-10-14 05:00:07
912,62,499,278.29,2023-12-28 12:14:16
923,7,500,427.37,2023-05-07 15:35:55
512,72,501,938.81,2023-08-19 00:27:45
500,9,502,1326.82,2023-10-14 02:13:39
681,95,503,466.98,2023-12-26 08:25:41
686,40,504,304.53,2024-01-29 01:23:45
912,74,505,315.04,2023-07-12 09:23:57
347,54,506,426.28,2023-12-05 23:37:10
269,9,507,2478.96,2024-01-11 22:19:51
662,42,508,145.72,2023-04-22 05:35:01
185,42,509,641.9,2023-10-03 17:49:54
269,33,510,435.34,2023-02-24 11:57:33
975,63,511,1098.3,2023-08-14 23:19:38
13,38,512,489.65,2023-08-02 01:06:23
298,7,513,62.32,2023-10-10 06:04:13
441,79,514,112.62,2023-05-11 00:07:27
366,99,515,328.8,2023-03-20 20:59:59
580,64,516,1482.48,2023-02-28 18:11:18
624,33,517,339.32,2023-08-25 20:20:25
331,19,518,179.1,2023-06-17 23:41:07
407,46,519,1353.61,2023-07-22 07:45:35
581,90,520,2197.52,2023-07-27 12:20:04
406,58,521,79.27,2023-11-16 15:24:42
493,90,522,682.95,2023-08-17 14:43:25
748,82,523,127.57,2023-05-21 18:02:37
759,10,524,24.07,2023-06-13 04:45:35
520,61,525,1467.95,2023-04-22 14:03:00
717,42,526,2300.87,2023-03-16 00:43:02
815,22,527,283.72,2023-07-10 04:42:44
510,51,528,131.74,2024-02-02 10:47:21
566,93,529,1449.34,2023-10-21 17:38:32
760,58,530,86.87,2023-12-21 18:47:24
603,48,531,30.53,2023-08-12 02:15:14
744,48,532,411.7,2023-10-18 11:50:59
449,31,533,345.4,2023-05-28 20:56:59
679,70,534,155.28,2023-04-20 06:41:48
91,57,535,380.21,2023-11-04 03:12:25
366,25,536,84.88,2023-07-31 10:45:18
453,6,537,2390.05,2023-12-22 17:23:10
581,44,538,2427.66,2023-11-11 00:47:21
178,73,539,247.76,2023-03-08 02:01:07
9,74,540,661.52,2023-04-28 12:40:59
898,79,541,34.4,2023-04-21 13:30:32
671,21,542,1322.9,2023-03-01 15:37:50
410,60,543,66.05,2023-07-31 05:13:52
269,18,544,2479.4,2023-08-26 01:10:07
338,17,545,94.34,2023-07-19 05:12:07
934,95,546,310.52,2023-05-20 22:59:51
316,30,547,279.42,2024-01-31 15:52:48
438,60,548,231.7,2023-03-01 12:22:54
566,40,549,89.04,2023-07-03 00:36:36
631,65,550,477.81,2023-07-20 12:57:14
607,27,551,144.86,2023-09-09 17:31:38
159,88,552,8.19,2023-08-06 04:43:31
349,16,553,1121.06,2023-07-18 02:46:16
731,84,554,258.84,2023-04-14 02:46:13
184,80,555,444.29,2023-11-26 20:11:45
461,69,556,223.97,2023-10-01 09:50:50
856,27,557,31.74,2023-07-16 09:31:07
740,14,558,53.16,2024-01-31 11:30:14
397,18,559,1164.13,2023-08-01 16:39:22
187,61,560,1177.48,2023-07-02 11:32:26
874,76,561,23.02,2023-09-01 13:57:23
199,76,562,227.73,2023-11-04 18:19:10
400,38,563,2290.35,2023-05-22 01:24:53
795,97,564,90.89,2023-03-13 17:54:26
613,35,565,94.3,2023-07-07 15:04:29
795,4,566,280.43,2023-11-23 15:52:08
818,86,567,37.14,2023-08-13 07:55:51
951,71,568,118.76,2023-08-10 14:27:26
871,41,569,1159.83,2023-03-28 15:10:33
911,96,570,343.94,2023-03-11 20:20:08
56,96,571,1223.89,2023-11-09 04:30:23
953,53,572,235.33,2023-02-24 08:19:03
520,13,573,494.06,2023-08-27 21:00:13
555,55,574,2220.26,2023-10-07 04:12:37
629,95,575,428.77,2023-07-25 07:21:41
518,20,576,163.16,2023-06-11 05:02:58
359,18,577,1566.44,2023-10-12 23:50:50
231,28,578,444.08,2023-05-09 16:18:16
666,20,579,56.18,2023-09-08 23:08:42
106,55,580,226.2,2023-07-22 06:00:54
156,48,581,282.31,2023-11-14 16:03:47
961,36,582,202.02,2023-04-24 19:48:03
397,63,583,1820.17,2023-06-15 13:56:20
309,95,584,357.62,2023-07-02 13:19:42
660,75,585,196.55,2023-12-02 06:30:13
870,97,586,148.36,2024-01-11 09:50:26
103,63,587,531.32,2023-11-21 21:45:44
158,59,588,353.15,2023-10-01 04:47:33
127,69,589,162.7,2023-08-08 04:36:22
844,64,590,2383.57,2023-06-26 21:15:24
573,82,591,173.81,2023-10-02 13:06:29
596,41,592,1449.67,2023-04-30 13:48:10
819,60,593,165.02,2023-11-16 20:52:10
708,51,594,2076.99,2023-07-20 05:49:54
930,28,595,87.21,2023-11-27 21:48:52
550,26,596,430.13,2023-02-23 11:35:25
956,32,597,30.56,2023-05-04 22:29:01
329,80,598,381.06,2023-08-20 02:06:47
337,54,599,471.6,2023-09-21 05:11:41
353,47,600,183.97,2023-08-10 03:59:09
610,85,601,437.05,2023-09-19 10:48:47
215,37,602,2277.02,2023-04-06 11:06:29
322,51,603,2489.12,2023-11-13 20:32:54
394,86,604,387.96,2023-03-20 19:59:19
9,50,605,327.41,2023-04-23 01:58:07
992,45,606,304.09,2023-08-02 01:48:22
799,79,607,420.7,2023-08-21 00:22:52
228,30,608,37.61,2023-12-26 18:43:47
627,41,609,1023.26,2023-09-06 11:39:52
728,38,610,329.78,2023-11-01 11:23:48
5,45,611,51.16,2023-03-13 00:34:53
418,20,612,60.14,2023-04-05 01:50:41
810,94,613,409.9,2023-10-03 00:10:26
184,97,614,173.47,2023-03-07 15:17:38
385,56,615,166.15,2023-10-13 10:20:58
893,82,616,472.45,2023-02-21 03:31:51
536,36,617,471.39,2023-06-11 08:37:25
214,25,618,83.4,2023-08-28 12:09:02
994,69,619,84.46,2023-11-08 10:06:38
992,19,620,64.32,2024-01-26 12:44:12
599,67,621,69.29,2023-09-16 05:44:51
138,43,622,1556.08,2023-12-24 19:43:39
751,90,623,1734.35,2023-03-22 02:27:00
609,18,624,149.75,2023-04-01 13:45:58
798,23,625,643.13,2024-01-03 11:52:39
710,64,626,1521.87,2024-01-22 12:13:05
36,84,627,49.43,2023-07-14 03:47:37
546,61,628,1455.55,2023-04-20 10:56:53
147,27,629,183.45,2023-04-08 12:15:34
142,36,630,447.35,2023-05-30 14:25:25
357,9,631,1020.72,2023-07-15 07:54:39
31,68,632,1208.28,2023-11-30 05:10:15
202,93,633,678.14,2023-06-02 23:33:57
706,1,634,362.62,2023-09-20 19:12:08
312,6,635,740.73,2023-02-27 06:40:32
532,25,636,40.58,2023-08-31 09:20:47
109,99,637,429.23,2024-01-15 06:32:55
888,52,638,896.45,2023-07-30 21:49:53
457,92,639,465.56,2024-01-19 07:06:26
591,67,640,356.45,2024-02-03 06:33:19
495,86,641,143.91,2024-01-08 08:34:35
442,48,642,325.79,2023-09-18 09:39:20
955,97,643,194.93,2023-05-21 20:12:38
447,48,644,483.06,2023-02-27 01:59:12
946,27,645,101.84,2023-06-01 16:29:59
149,31,646,123.78,2024-01-23 22:50:12
247,86,647,199.82,2023-04-01 13:48:59
804,79,648,223.19,2024-02-05 18:10:44
98,7,649,90.3,2024-01-19 14:57:55
841,68,650,118.21,2023-08-05 00:48:36
441,36,651,210.65,2023-05-14 06:38:08
881,31,652,349.13,2023-05-08 17:07:55
677,48,653,453.35,2024-01-21 02:00:20
798,44,654,1503.92,2023-09-14 14:01:25
49,65,655,229.96,2023-05-18 02:19:46
706,67,656,185.21,2023-06-21 16:22:44
62,45,657,63.03,2023-12-04 20:40:39
883,32,658,319.66,2023-12-02 18:16:29
128,56,659,475.67,2023-05-07 13:32:30
825,3,660,977.02,2023-08-13 05:29:51
155,37,661,159.41,2024-01-26 09:03:40
654,4,662,244.13,2023-09-24 06:23:41
769,76,663,218.35,2023-12-01 19:06:03
482,70,664,303.33,2023-04-18 04:17:54
100,17,665,271.65,2023-03-12 11:29:08
691,91,666,472.41,2023-11-17 20:15:46
659,78,667,274.73,2023-12-07 15:22:26
420,31,668,456.35,2023-07-29 00:14:01
536,49,669,241.41,2023-10-15 19:21:09
752,41,670,1150.88,2023-09-03 11:28:38
69,27,671,297.96,2023-09-30 22:38:03
887,90,672,986.35,2023-05-19 04:12:42
99,46,673,353.71,2023-12-09 03:44:53
929,26,674,59.99,2023-06-07 08:16:53
670,76,675,48.32,2023-04-01 04:08:52
525,56,676,456.04,2023-11-14 10:35:55
241,12,677,157.15,2023-12-31 13:52:56
627,8,678,288.87,2024-02-13 18:57:09
574,39,679,199.06,2023-04-12 14:03:52
42,86,680,299.64,2023-05-18 02:55:37
284,80,681,241.77,2023-06-15 17:13:35
225,35,682,455.08,2023-09-07 23:22:22
891,42,683,1958.78,2023-02-17 22:20:13
972,62,684,223.61,2023-08-10 08:25:21
57,35,685,259.27,2023-07-14 15:49:01
764,91,686,221.79,2024-01-10 11:33:12
303,75,687,297.0,2023-05-17 21:05:19
329,66,688,486.88,2023-11-04 12:26:31
408,98,689,483.69,2024-02-07 03:15:23
710,53,690,494.39,2023-11-11 07:17:05
574,77,691,202.23,2023-05-19 16:06:25
771,81,692,629.64,2023-08-14 10:47:28
18,9,693,2483.56,2023-07-21 11:11:40
506,15,694,2084.88,2023-08-23 07:40:18
266,40,695,395.83,2023-03-23 23:18:34
555,39,696,73.58,2023-07-13 03:14:53
514,18,697,2497.06,2023-07-25 01:07:07
872,5,698,1169.81,2024-01-29 17:15:20
748,73,699,455.7,2023-05-04 17:01:55
555,48,700,66.94,2023-10-30 20:53:16
1000,2,701,1390.56,2023-05-18 16:01:02
789,35,702,313.14,2023-02-26 22:35:19
67,60,703,145.24,2023-08-10 03:38:40
663,35,704,363.81,2023-08-30 13:10:57
514,89,705,151.97,2024-01-13 05:28:06
412,15,706,334.91,2023-04-19 12:00:43
330,78,707,311.78,2023-10-08 00:58:53
713,89,708,1474.78,2023-07-20 22:21:48
909,58,709,50.3,2024-02-10 10:49:27
511,68,710,924.98,2023-11-22 11:35:36
895,87,711,26.62,2023-02-16 17:20:28
174,8,712,310.48,2023-09-12 19:59:20
826,6,713,381.5,2023-07-15 15:56:16
543,40,714,377.73,2023-11-30 08:57:38
206,21,715,1379.94,2023-07-12 08:51:03
234,28,716,49.39,2023-11-24 15:38:22
362,89,717,2116.89,2024-01-21 21:54:25
446,35,718,309.19,2023-07-25 17:11:17
293,74,719,2049.53,2024-01-03 01:33:40
72,77,720,136.1,2023-11-04 03:56:35
956,3,721,1136.49,2023-08-28 04:07:10
989,37,722,2124.3,2023-09-30 15:05:26
433,56,723,421.05,2024-01-03 17:27:57
70,24,724,615.49,2023-06-02 17:36:26
696,5,725,2334.39,2023-02-16 20:57:10
844,97,726,217.56,2023-11-09 02:53:41
870,54,727,180.62,2024-01-15 05:04:45
364,66,728,455.86,2023-07-09 16:53:20
184,29,729,118.58,2024-01-16 10:40:12
965,8,730,185.94,2023-04-16 16:58:39
889,58,731,164.33,2023-08-14 08:51:29
223,29,732,132.57,2024-02-04 20:52:53
708,91,733,262.87,2023-12-26 13:37:17
110,62,734,343.94,2023-04-06 22:24:20
921,79,735,5.91,2023-08-22 03:03:21
320,34,736,389.38,2023-07-24 15:28:27
719,38,737,2490.59,2023-05-03 05:37:06
920,27,738,400.12,2023-08-17 13:21:59
707,82,739,193.37,2023-06-02 15:59:07
36,99,740,194.36,2023-04-14 23:05:42
549,4,741,70.23,2024-01-08 16:35:59
878,64,742,1649.04,2023-05-20 02:59:01
908,38,743,1783.07,2023-07-26 10:18:29
447,26,744,260.43,2024-01-06 15:05:34
101,32,745,125.03,2024-01-08 06:16:28
589,15,746,526.67,2023-03-20 13:55:18
368,91,747,323.37,2024-01-21 04:19:58
610,82,748,447.44,2023-11-14 20:10:42
444,52,749,1428.75,2023-12-03 23:37:17
432,97,750,16.79,2023-10-02 06:34:12
409,19,751,215.76,2024-01-18 09:50:49
63,38,752,1032.72,2023-10-01 21:46:47
441,82,753,52.21,2024-01-24 06:37:03
613,35,754,242.0,2023-03-17 06:56:47
433,34,755,256.82,2023-10-11 08:09:41
786,14,756,166.29,2024-01-07 07:58:30
967,20,757,282.8,2023-05-28 00:08:30
551,34,758,471.99,2023-12-15 16:02:13
924,87,759,17.12,2023-07-21 15:09:27
677,94,760,455.66,2023-03-03 19:57:55
789,48,761,229.82,2023-12-30 03:28:16
769,13,762,781.82,2024-01-13 10:21:18
823,11,763,206.14,2023-05-31 17:23:10
995,49,764,18.81,2023-03-05 04:34:16
597,93,765,411.87,2023-07-18 12:16:24
785,72,766,2429.21,2023-09-22 11:33:06
504,99,767,120.34,2023-10-19 00:30:31
29,49,768,402.6,2023-10-05 04:04:02
421,77,769,46.6,2023-04-21 04:19:21
689,6,770,2262.67,2023-08-23 02:35:05
86,38,771,1565.9,2024-01-28 00:50:41
356,99,772,26.01,2023-12-05 04:48:59
75,6,773,1503.26,2023-07-09 01:42:58
363,40,774,49.93,2023-02-15 23:05:59
482,80,775,182.0,2023-11-27 20:52:32
335,99,776,89.71,2023-05-18 09:57:27
643,46,777,2203.98,2023-07-24 19:29:55
256,42,778,1547.22,2023-11-30 11:55:40
255,82,779,387.28,2023-12-10 18:23:37
223,40,780,478.53,2023-04-02 00:07:48
314,69,781,164.77,2023-09-04 17:54:53
310,76,782,7.38,2023-06-03 05:07:58
493,33,783,437.34,2023-06-19 02:57:38
804,30,784,78.04,2023-09-21 08:36:14
248,21,785,302.77,2023-04-19 21:44:00
409,26,786,73.18,2023-09-14 22:26:36
835,71,787,482.67,2023-09-10 00:04:13
815,80,788,41.64,2024-01-18 13:19:02
396,91,789,109.46,2023-10-18 23:12:57
40,58,790,111.92,2023-11-21 23:09:42
810,15,791,1781.64,2023-11-24 00:05:07
319,99,792,113.81,2023-11-12 17:05:45
653,38,793,1327.64,2023-10-12 18:12:35
814,84,794,225.69,2023-05-07 17:31:18
86,9,795,269.09,2023-08-31 19:41:31
237,16,796,1356.59,2023-10-16 05:04:11
732,72,797,1200.11,2023-08-19 00:20:51
616,22,798,231.79,2023-07-07 19:28:52
554,15,799,561.3,2023-09-29 00:44:57
250,40,800,111.02,2023-11-02 13:14:16
622,38,801,2280.83,2023-05-23 15:43:54
271,45,802,136.51,2023-05-26 11:38:14
49,4,803,437.87,2023-11-24 20:49:35
642,100,804,2151.88,2023-10-15 09:47:06
452,6,805,595.08,2023-05-26 02:08:56
324,58,806,332.58,2023-05-06 21:46:47
118,32,807,338.13,2023-02-27 06:16:09
114,25,808,19.91,2023-05-21 17:12:37
652,18,809,1595.64,2023-05-21 01:13:16
703,86,810,487.17,2023-02-27 08:37:40
451,94,811,19.24,2023-08-15 09:17:15
233,61,812,514.87,2024-01-29 14:39:18
545,2,813,637.53,2023-11-27 15:21:32
65,3,814,2191.04,2023-04-28 03:43:59
329,74,815,303.29,2023-12-04 06:59:12
553,34,816,101.45,2023-09-29 04:37:39
9,70,817,143.46,2023-06-25 04:26:24
266,70,818,195.8,2023-03-13 15:39:06
414,68,819,1368.63,2023-08-14 06:09:45
477,36,820,48.81,2023-06-07 16:54:18
778,62,821,283.58,2023-12-20 21:38:54
137,80,822,108.09,2023-10-21 18:58:37
27,67,823,30.58,2023-07-22 04:31:48
325,19,824,113.34,2023-07-22 20:50:20
407,6,825,2212.63,2024-01-22 06:34:24
746,76,826,240.01,2023-11-20 01:46:52
515,9,827,2015.78,2023-12-27 02:13:57
36,17,828,279.91,2023-03-22 15:48:22
560,50,829,274.43,2023-04-14 13:51:44
607,6,830,622.25,2023-06-28 08:43:38
312,91,831,193.24,2023-07-04 23:11:07
307,67,832,16.32,2023-07-02 22:04:59
584,35,833,99.4,2023-04-29 23:03:00
534,95,834,269.12,2023-12-26 10:08:29
167,30,835,48.53,2023-04-19 21:15:44
492,22,836,31.04,2023-09-29 20:39:01
862,52,837,2232.82,2023-06-13 01:55:03
16,20,838,401.43,2023-11-23 23:28:45
859,6,839,1799.48,2023-10-03 00:50:36
441,61,840,2393.7,2024-02-01 22:48:46
965,28,841,285.32,2023-04-28 01:14:12
832,85,842,467.88,2023-04-04 19:08:11
994,85,843,205.37,2024-01-26 09:39:44
230,9,844,405.03,2023-07-01 22:12:06
519,61,845,1284.72,2023-05-04 21:33:31
677,48,846,219.18,2023-10-13 02:31:08
879,75,847,127.8,2023-03-11 22:53:31
975,57,848,133.62,2023-07-18 13:15:46
414,46,849,1027.04,2023-04-03 19:30:21
822,73,850,118.27,2024-01-18 07:25:35
924,80,851,433.33,2023-07-17 04:39:20
186,88,852,434.56,2023-09-01 13:13:22
646,45,853,42.47,2023-09-23 14:20:22
430,76,854,249.59,2023-05-14 09:53:07
781,59,855,2260.99,2023-04-11 03:39:02
641,83,856,383.26,2023-09-26 13:01:55
968,30,857,230.06,2023-04-09 19:19:26
525,12,858,444.65,2023-03-10 20:50:43
694,5,859,764.06,2023-12-24 17:23:01
604,68,860,1941.75,2024-02-12 13:51:05
865,43,861,411.51,2023-05-28 08:35:05
172,56,862,345.29,2023-08-05 19:58:49
734,57,863,366.12,2024-01-16 19:54:19
502,96,864,1020.96,2023-05-06 03:13:23
984,65,865,131.1,2023-09-18 11:21:44
294,34,866,17.28,2023-07-24 16:47:21
87,42,867,1600.64,2023-05-07 00:53:31
679,24,868,625.38,2024-01-28 16:03:02
758,11,869,89.37,2023-09-10 19:31:09
381,52,870,1628.19,2023-11-22 02:39:15
796,58,871,433.54,2023-06-29 09:52:23
695,61,872,1695.01,2023-04-15 22:30:38
867,14,873,283.53,2023-09-12 07:23:02
577,11,874,466.8,2023-08-01 17:17:15
35,8,875,14.28,2023-08-30 10:06:46
38,35,876,158.91,2023-04-02 21:37:00
551,62,877,310.85,2023-03-25 15:56:23
698,44,878,140.89,2023-10-13 17:09:41
895,44,879,670.08,2023-08-21 14:09:23
991,29,880,176.19,2023-06-05 13:25:45
866,92,881,33.64,2023-07-02 23:47:04
452,66,882,103.1,2023-03-06 22:52:45
157,23,883,656.75,2023-09-30 13:26:12
405,6,884,518.16,2024-02-15 14:21:53
5,59,885,1392.15,2023-07-18 19:38:45
635,68,886,490.14,2023-04-17 00:21:13
858,55,887,633.07,2023-07-04 22:35:16
960,33,888,338.33,2023-12-17 16:15:33
995,57,889,98.48,2024-01-20 13:23:29
42,78,890,422.38,2023-12-26 18:26:38
387,53,891,202.23,2023-10-09 09:52:58
437,35,892,224.12,2023-07-07 11:17:50
579,4,893,43.76,2024-02-15 19:32:20
853,94,894,376.24,2023-03-02 12:34:10
166,56,895,84.39,2024-01-04 21:30:21
557,66,896,389.87,2023-06-10 08:29:47
747,65,897,313.38,2024-01-14 11:47:53
274,53,898,375.43,2023-10-30 14:39:05
293,45,899,468.42,2023-04-08 22:14:35
468,51,900,1423.6,2023-07-04 11:48:31
294,31,901,182.62,2023-04-01 23:08:50
558,92,902,353.44,2023-07-05 05:42:42
231,34,903,14.93,2023-05-03 06:45:05
674,10,904,135.33,2023-05-06 23:58:12
898,50,905,84.42,2023-04-28 20:28:35
789,76,906,129.92,2023-08-28 15:39:49
17,21,907,2069.76,2023-10-08 23:17:46
114,29,908,80.27,2023-08-08 15:26:05
394,8,909,90.43,2023-11-24 07:06:16
98,60,910,276.86,2023-08-19 08:30:14
671,60,911,393.73,2024-01-12 22:17:00
60,35,912,30.39,2024-02-04 00:23:07
484,95,913,322.61,2023-02-18 22:46:25
365,77,914,221.73,2023-06-10 06:14:23
347,41,915,2196.5,2023-10-11 07:53:17
959,84,916,197.59,2023-03-16 09:36:55
85,30,917,409.68,2023-12-11 01:41:32
452,72,918,938.78,2024-01-24 13:20:48
438,56,919,356.05,2023-06-11 00:05:51
746,96,920,1146.0,2023-11-14 18:20:30
273,24,921,462.05,2023-11-15 12:10:28
55,43,922,2409.32,2023-08-03 15:34:16
991,49,923,38.3,2023-12-26 05:54:50
608,41,924,1482.15,2023-05-30 04:55:14
994,23,925,448.74,2023-07-02 07:16:29
737,81,926,375.01,2023-02-17 19:31:26
210,62,927,473.6,2023-12-20 21:51:35
239,46,928,1579.66,2023-10-29 16:43:18
934,81,929,1807.16,2024-02-03 16:32:35
792,27,930,153.03,2023-11-14 09:55:15
870,96,931,431.93,2023-05-03 07:51:14
410,55,932,1273.98,2024-02-01 04:09:49
721,100,933,181.81,2023-09-23 16:13:09
78,4,934,187.22,2023-11-03 11:14:53
160,28,935,455.29,2023-09-20 17:26:53
455,66,936,296.68,2023-05-25 04:11:23
437,77,937,430.34,2023-10-07 19:28:00
948,62,938,450.67,2023-12-28 15:07:34
84,76,939,307.39,2023-11-17 08:47:32
796,18,940,2302.09,2023-12-07 21:46:07
570,96,941,1227.8,2023-03-01 22:36:49
181,12,942,9.04,2023-10-26 22:39:23
25,24,943,768.58,2023-05-09 21:05:15
738,59,944,1065.42,2023-09-10 11:53:34
555,66,945,139.31,2023-12-06 10:05:25
997,88,946,135.69,2023-08-07 13:59:23
394,14,947,355.36,2024-01-24 21:16:57
475,31,948,40.23,2024-02-07 07:57:52
752,41,949,422.57,2023-03-15 10:53:46
619,4,950,316.57,2024-01-20 16:20:53
388,82,951,32.9,2023-10-08 23:00:17
354,99,952,330.63,2024-02-13 22:13:09
954,3,953,1766.76,2023-09-26 18:25:13
450,41,954,1503.55,2023-06-15 22:03:28
781,69,955,161.3,2023-09-25 15:36:12
905,94,956,394.4,2023-03-29 16:22:36
712,98,957,367.22,2023-09-21 17:11:04
598,88,958,226.08,2023-06-23 01:02:47
703,89,959,1661.71,2023-10-29 08:47:33
434,52,960,1865.81,2023-12-04 13:29:57
879,73,961,497.25,2023-07-23 15:47:33
18,2,962,2295.79,2023-10-23 19:40:50
794,72,963,1529.56,2023-11-18 03:43:52
781,45,964,91.91,2023-06-23 00:27:52
753,6,965,443.6,2023-04-23 21:02:48
963,37,966,1339.42,2023-06-09 03:19:36
628,53,967,412.83,2023-03-06 00:56:28
171,73,968,237.24,2023-02-17 01:03:23
301,75,969,406.41,2023-08-03 16:17:33
610,33,970,371.88,2023-10-06 23:14:08
36,100,971,2216.48,2023-07-08 04:56:39
553,76,972,208.95,2023-09-28 05:50:44
150,42,973,508.94,2023-09-20 13:00:18
403,74,974,2468.69,2023-05-27 05:03:22
937,72,975,2259.05,2023-04-15 06:08:20
680,17,976,254.15,2024-01-16 01:34:46
658,11,977,304.56,2023-03-18 08:40:02
978,79,978,199.5,2024-01-08 04:28:57
402,63,979,1850.14,2023-06-15 02:19:03
824,81,980,1874.38,2023-07-28 01:39:07
164,82,981,468.34,2023-03-17 21:42:00
398,36,982,66.8,2024-01-26 03:17:58
989,2,983,2428.63,2023-09-29 17:49:51
854,86,984,462.3,2023-04-23 23:05:10
863,14,985,236.64,2023-08-14 22:56:38
155,60,986,124.22,2023-07-31 22:40:35
244,6,987,639.6,2023-03-11 00:45:09
111,13,988,1846.8,2023-06-15 05:43:54
593,85,989,61.45,2023-09-15 18:23:42
259,54,990,77.54,2023-09-30 23:55:20
356,15,991,220.02,2023-04-25 03:27:20
818,50,992,487.66,2023-08-26 19:47:18
629,80,993,411.56,2023-10-26 02:06:37
164,69,994,289.19,2023-02-18 03:15:01
897,22,995,179.38,2023-07-15 03:53:13
620,51,996,2084.16,2023-04-07 10:17:13
811,73,997,335.79,2023-08-20 15:16:41
334,68,998,2154.32,2023-12-20 15:18:40
954,81,999,2040.52,2024-02-14 11:31:58
51,2,1000,2039.61,2023-10-06 01:42:09
1,50,1001,63.03,2023-04-21 08:19:30
1,83,1001,115.62,2023-07-30 16:28:03
1,83,1001,334.41,2024-01-21 00:49:55
1,17,1001,257.3,2023-04-07 06:28:45
1,96,1001,2353.4,2023-06-26 22:15:58
49,47,1049,436.55,2023-07-02 19:54:58
49,58,1049,51.73,2023-07-24 08:44:42
49,56,1049,406.73,2023-10-27 13:51:22
49,20,1049,141.02,2023-08-12 06:32:14
49,48,1049,129.92,2024-01-10 18:54:10
90,28,1090,167.6,2023-08-24 21:52:12
90,80,1090,74.73,2023-04-30 21:44:57
90,29,1090,470.39,2023-05-12 11:25:26
90,1,1090,118.89,2023-08-26 17:18:12
90,62,1090,182.62,2023-07-16 08:29:12
102,17,1102,207.16,2023-02-15 21:29:04
102,44,1102,1125.85,2023-08-28 01:23:39
102,80,1102,222.8,2023-04-12 07:18:52
102,33,1102,31.24,2023-12-04 21:13:49
102,38,1102,1821.98,2023-05-23 13:33:39
261,41,1261,577.77,2024-02-11 01:48:37
261,27,1261,118.55,2023-05-19 12:50:07
261,95,1261,124.81,2023-06-25 06:00:30
261,45,1261,131.93,2023-09-03 02:15:35
261,1,1261,498.96,2023-08-01 01:55:02
288,99,1288,255.87,2023-06-10 18:22:47
288,55,1288,1935.26,2023-10-20 15:44:17
288,12,1288,260.64,2023-07-07 04:22:09
288,36,1288,54.48,2023-08-10 04:38:58
288,14,1288,215.94,2023-09-17 08:27:58
306,19,1306,61.79,2023-02-19 13:50:46
306,57,1306,412.45,2023-03-13 22:47:19
306,86,1306,475.86,2023-02-18 15:20:18
306,28,1306,84.83,2023-03-12 13:52:22
306,35,1306,186.02,2023-06-19 20:58:59
313,91,1313,166.63,2023-05-30 20:00:46
313,96,1313,704.39,2023-10-27 20:40:00
313,97,1313,78.92,2023-08-20 10:39:21
313,29,1313,132.34,2023-07-02 21:22:30
313,62,1313,451.46,2023-03-14 01:55:51
462,77,1462,270.31,2024-02-13 22:00:43
462,44,1462,140.27,2023-11-05 02:10:24
462,23,1462,1774.89,2023-07-16 06:21:52
462,34,1462,323.16,2023-09-25 00:41:09
462,30,1462,41.17,2023-07-02 01:59:44
470,89,1470,985.71,2023-08-03 13:37:12
470,48,1470,377.61,2023-08-14 21:59:58
470,99,1470,98.83,2023-08-07 18:28:52
470,1,1470,466.78,2023-12-24 08:15:31
470,44,1470,1475.62,2023-09-20 20:35:22
562,88,1562,398.47,2023-11-16 23:08:58
562,44,1562,2498.9,2023-07-28 13:40:14
562,89,1562,717.6,2023-03-09 08:40:31
562,52,1562,1909.57,2023-04-20 03:30:15
562,36,1562,387.73,2023-10-23 05:59:47
606,79,1606,42.14,2023-08-26 04:13:01
606,56,1606,115.4,2024-01-08 04:22:14
606,61,1606,2214.1,2023-03-03 16:22:53
606,99,1606,144.99,2023-11-20 15:37:15
606,4,1606,57.56,2023-11-06 01:49:09
638,68,1638,2381.17,2023-06-08 19:50:46
638,22,1638,313.0,2023-02-22 17:35:12
638,29,1638,387.64,2024-02-12 12:34:24
638,69,1638,222.45,2023-06-21 14:30:40
638,38,1638,1115.93,2023-12-25 00:24:01
679,80,1679,7.26,2023-05-24 19:06:50
679,51,1679,466.53,2023-09-14 02:11:00
679,76,1679,107.79,2023-05-25 09:23:48
679,61,1679,1707.82,2023-07-17 23:04:57
679,51,1679,1285.01,2023-07-27 18:03:53
760,53,1760,459.05,2023-06-14 10:37:39
760,83,1760,460.72,2023-10-20 18:40:14
760,92,1760,331.46,2024-02-13 21:35:02
760,28,1760,329.78,2023-05-09 01:52:20
760,72,1760,1968.78,2023-06-12 00:44:28
777,39,1777,150.04,2023-05-19 09:44:53
777,18,1777,702.64,2023-05-16 12:11:26
777,83,1777,259.57,2023-10-19 02:42:50
777,61,1777,420.08,2023-04-05 23:41:34
777,43,1777,1351.33,2023-08-05 22:58:21
804,27,1804,142.56,2023-12-03 20:27:02
804,40,1804,253.7,2023-06-01 19:35:49
804,74,1804,807.11,2023-02-17 15:43:59
804,39,1804,135.77,2023-03-30 10:29:51
804,38,1804,731.51,2023-11-12 20:44:53
893,43,1893,2437.96,2023-07-18 13:51:07
893,34,1893,196.7,2023-11-14 16:15:01
893,87,1893,223.76,2024-01-08 21:25:49
893,85,1893,417.32,2023-08-12 09:22:05
893,64,1893,1830.0,2024-01-19 00:29:12
955,50,1955,24.59,2023-06-11 17:49:55
955,75,1955,106.85,2024-02-13 14:11:11
955,41,1955,222.63,2023-02-26 00:06:17
955,96,1955,833.14,2023-10-02 13:41:39
955,54,1955,398.62,2023-11-16 00:18:01
970,80,1970,314.94,2023-05-31 07:27:50
970,42,1970,410.14,2023-09-06 10:31:04
970,2,1970,926.53,2023-10-27 06:14:51
970,80,1970,180.39,2023-04-04 04:49:02
970,56,1970,469.09,2023-12-16 02:36:08
